device-type,device-name,llm,quantization,calibration,BLEU,METEOR,BERTScore,tps
GPU,A5000,llama3.1,Q4_K_M,base,0.206346,0.5603549999999999,0.8488960000000002,52.09161269756436
GPU,A5000,llama3.3:70b,Q4_K_M,base,0.262889,0.6257059999999999,0.879954,10.143561328726726
GPU,A5000,llama3.1:70b,Q4_K_M,base,0.25457599999999997,0.606528,0.8743830000000001,10.861105185518554
